{"cameraMode":{"drawMode":0,"name":"Shaded","section":"Shading Mode"},"sceneLighting":true,"audioPlay":false,"sceneViewState":{"m_AlwaysRefresh":false,"showFog":true,"showSkybox":true,"showFlares":true,"showImageEffects":true,"showParticleSystems":true,"showVisualEffectGraphs":true,"m_FxEnabled":true},"in2DMode":false,"pivot":{"x":-14.999412536621094,"y":3.102325439453125,"z":135.73391723632813},"rotation":{"x":0.008983684703707695,"y":-0.059961579740047458,"z":0.0005396688939072192,"w":0.9981601238250732},"size":78.36825561523438,"orthographic":true}